INSERT INTO projects (id, title, category, funding_goal, start_date, end_date) VALUES
(11, 'Help me buy a bass', 'music', 500.00, '2016-06-30', '2016-07-30'),
(12, 'My book on Ruby', 'books', 20.00, '2018-01-01', '2019-01-01'),
(13, 'Warhammer Miniatures', 'hobby', 3000.00, '2015-05-30', '2016-05-30'),
(14, 'Need a new carpet!', 'home Decor', 200.00, '2013-03-14', '2013-06-30'),
(15, 'Tickets to see George Clanton', 'music', 50.00, '2013-03-20', '2013-09-20'),
(16, 'The next Chaos God', '???', 200.00, '2016-12-30', '20130-12-30'),
(17, 'Iguana wants crickets', 'charity', 20.00, '2013-10-02', '2013-10-30'),
(18, 'I have bed bugs!', 'charity', 800.00, '2014-06-30', '2014-06-31'),
(19, 'I want to teach English in Japan', 'charity', 4000.00, '2013-06-30', '2013-09-30'),
(20, 'Help me restock my fish supplies', 'charity', 300.00, '2019-03-20', '2020-04-30');

INSERT INTO users (id, name, age) VALUES (21, 'Caledor', 17), (22, 'Matthew', 16), (23, 'Ethan', 4), (24, 'John', 33),
(25, 'Rossinni', 22), (26, 'Sophie', 24), (27, 'Jaco', 9), (28, 'Victoria', 23), (29, 'Karl', 100), (30, 'Hermione', 30),
(31, 'Nurgle', 90), (32, 'Marisa', 24), (33, 'Khorne', 4), (34, 'Alex', 36), (35, 'Victor', 113), (36, 'Tzeentch', 5),
(37, 'Whale', 6), (38, 'Slaanesh', 5), (39, 'Malal', 24), (40, 'Sam', 23);

INSERT INTO pledges (id, amount, user_id, project_id) VALUES
(31, 40.00, 40, 12),
(32, 350.00, 38, 11),
(33, 381.00, 26, 14),
(34, 398.00, 28, 20),
(35, 269.00, 32, 14),
(36, 61.00, 29, 20),
(37, 71.00, 28, 13),
(38, 169.00, 38, 14),
(39, 390.00, 27, 12),
(40, 126.00, 39, 20),
(41, 365.00, 25, 11),
(42, 395.00, 39, 18),
(43, 52.00, 29, 16),
(44, 23.00, 24, 20),
(45, 272.00, 24, 15),
(46, 341.00, 22, 16),
(47, 371.00, 33, 20),
(48, 209.00, 21, 14),
(49, 144.00, 25, 11),
(50, 18.00, 40, 18),
(51, 235.00, 35, 18),
(52, 460.00, 25, 17),
(53, 484.00, 34, 14),
(54, 245.00, 33, 17),
(55, 348.00, 23, 17),
(56, 90.00, 28, 20),
(57, 439.00, 23, 18),
(58, 118.00, 38, 18),
(59, 411.00, 31, 17),
(60, 190.00, 24, 17);
